question,model_answer,human_answer,model_citation,human_citation
How can I reset my password?,Follow the instructions on the settings page.,"To reset your password, go to the settings page and follow the given instructions.",Settings page provides steps for password reset.,Instructions for resetting passwords are found on the settings page.
Where can I find my order history?,Check the 'Orders' section in your account.,Your order history can be found in the 'Orders' section of your account.,Orders section contains a history of all your orders.,Order history is accessible under the 'Orders' section of your account.
What are your store hours?,"We are open from 9 AM to 9 PM, Monday to Saturday.","Our store operates from 9 AM to 9 PM, Monday through Saturday.","Store hours are from 9 AM to 9 PM, Monday to Saturday.","The store operates between 9 AM and 9 PM, Monday through Saturday."
How do I track my shipment?,Use the tracking number provided in your order confirmation.,Track your shipment using the tracking number sent in your order confirmation.,Tracking information is available in the order confirmation email.,Use the tracking number from the order confirmation to track shipments.
Can I return a product?,"Yes, returns are accepted within 30 days of purchase.",Products can be returned within 30 days of purchase.,Returns are allowed within 30 days of purchase.,Products can be returned within a 30-day window from purchase.
How do I contact customer support?,You can reach us at support@example.com.,Contact customer support by emailing support@example.com.,Customer support can be contacted via email at support@example.com.,Support can be reached by emailing support@example.com.
Do you offer gift wrapping?,"Yes, gift wrapping is available at checkout.",Gift wrapping options are available during checkout.,Gift wrapping can be selected at the checkout page.,Gift wrapping options are presented during the checkout process.
Can I change my delivery address?,"Yes, you can update your address in the account settings.",You can change your delivery address in the account settings.,Delivery address can be updated in the account settings.,The account settings allow updates to the delivery address.
How do I unsubscribe from the newsletter?,Click the unsubscribe link at the bottom of the newsletter.,Unsubscribe from the newsletter by clicking the link at the bottom.,Unsubscribe link is located at the bottom of the newsletter.,"To unsubscribe, use the link provided at the bottom of the newsletter."
What payment methods do you accept?,"We accept credit cards, PayPal, and Apple Pay.","We accept various payment methods including credit cards, PayPal, and Apple Pay.","Payment methods include credit cards, PayPal, and Apple Pay.","Accepted payment methods are credit cards, PayPal, and Apple Pay."