question,document_name,model_answer,human_answer,model_citation,human_citation
Summarize this document?,GeographySummary.doc,Overview of geographical features of France.,Summary of geographical features and significance of France.,"France is known for its rich geographical diversity, including mountains, rivers, and plains.","France's geographical landscape is diverse, featuring iconic landmarks like the Alps and the Seine River."
Summarize this document?,LiteratureSummary.doc,Summary of the life and works of Harper Lee.,Biography and major works of Harper Lee.,"Harper Lee, born in 1926, authored several notable works besides 'To Kill a Mockingbird'.",Harper Lee's biography includes her early life in Alabama and the impact of her literary work.
Summarize this document?,ChemistrySummary.doc,Explanation of the chemical properties of water.,Properties and significance of H2O.,"Water, known chemically as H2O, is essential for all forms of life.","H2O, commonly known as water, exhibits unique properties vital for biological processes."
Summarize this document?,PhysicsSummary.doc,Discussion of the fundamental principles of the speed of light.,Explanation of the speed of light in physics.,"Light travels at an approximate speed of 299,792 kilometers per second.","The speed of light is a fundamental constant in physics, crucial for theories of relativity."
Summarize this document?,ArchitectureSummary.doc,Details of the architectural design and construction of Burj Khalifa.,Architecture and construction details of Burj Khalifa.,"Burj Khalifa, completed in 2010, remains the tallest structure globally.",The architectural feat of Burj Khalifa symbolizes modern engineering marvels.
Summarize this document?,LiteratureSummary2.doc,Analysis of Jane Austen's 'Pride and Prejudice'.,Critical analysis of 'Pride and Prejudice' by Jane Austen.,Jane Austen's 'Pride and Prejudice' explores themes of love and social standing.,Pride and Prejudice by Jane Austen critically addresses the British class system of the 19th century.
Summarize this document?,AstronomySummary.doc,Coverage of the characteristics and significance of Jupiter in our solar system.,Description of Jupiter and its importance in the solar system.,"Jupiter is the largest planet, featuring a prominent Great Red Spot.","Jupiter, with its massive size and distinct atmospheric conditions, stands out in our solar system."
Summarize this document?,ArtSummary.doc,Exploration of Leonardo da Vinci's artistic contributions.,Analysis of Leonardo da Vinci's Mona Lisa.,Leonardo da Vinci's works include not just paintings but also scientific sketches.,Leonardo da Vinci's Mona Lisa is renowned for its enigmatic expression and artistic techniques.
Summarize this document?,GeographySummary2.doc,Outline of the history and political structure of Vatican City.,Historical and political background of Vatican City.,"Vatican City, the smallest independent state in the world, is the spiritual center for Catholics.",Vatican City's historical evolution and its role in global religious affairs are noteworthy.
Summarize this document?,PhysicsSummary2.doc,Elaboration on Albert Einstein's development of the theory of relativity.,Einstein's theory of relativity explained.,Einstein's theory of relativity revolutionized modern physics and our understanding of time and space.,"Relativity theory, proposed by Einstein, has profound implications for physics and cosmology."